p_old	p_young	t_young_kya	t_old_kya	delta_kya	noem_old_precision	noem_old_recall	noem_old_f1	noem_young_precision	noem_young_recall	noem_young_f1	em_old_precision	em_old_recall	em_old_f1	em_young_precision	em_young_recall	em_young_f1	learned_lambda_n	learned_lambda_af	learned_lambda_old	learned_lambda_young	summary_json	out_dir
0.1	0.1	30000	35000	5000	0.5029	0.7774	0.6107	0.4881	0.2123	0.2959	0.5077	0.1147	0.1871	0.4863	0.8758	0.6253	0.9842830252835888	0.09530165203714	0.08114808367104134	0.03053469787900832	grid_runs/pold_0.1_pyoung_0.1_told_35000k_tyoung_30000k/summary.json	grid_runs/pold_0.1_pyoung_0.1_told_35000k_tyoung_30000k
0.1	0.1	35000	40000	5000	0.449	0.6424	0.5286	0.5802	0.3845	0.4624	0.3854	0.1933	0.2575	0.5382	0.7524	0.6275	0.980677758565166	0.09591069166149536	0.06672385881561181	0.02946976786314434	grid_runs/pold_0.1_pyoung_0.1_told_40000k_tyoung_35000k/summary.json	grid_runs/pold_0.1_pyoung_0.1_told_40000k_tyoung_35000k
0.1	0.1	40000	45000	5000	0.4856	0.61	0.5407	0.5813	0.4573	0.5119	0.5141	0.187	0.2743	0.5461	0.8464	0.6639	0.9693942927680733	0.09631657932423862	0.07675739642517425	0.03298904740996118	grid_runs/pold_0.1_pyoung_0.1_told_45000k_tyoung_40000k/summary.json	grid_runs/pold_0.1_pyoung_0.1_told_45000k_tyoung_40000k
0.1	0.1	45000	50000	5000	0.4829	0.6621	0.5585	0.5952	0.407	0.4834	0.5161	0.2009	0.2892	0.5495	0.8243	0.6594	0.9790296682662842	0.09451951799511188	0.09257673814484085	0.0384084418190389	grid_runs/pold_0.1_pyoung_0.1_told_50000k_tyoung_45000k/summary.json	grid_runs/pold_0.1_pyoung_0.1_told_50000k_tyoung_45000k
0.1	0.1	50000	55000	5000	0.4753	0.6053	0.5325	0.5714	0.4081	0.4761	0.4449	0.1199	0.1889	0.5358	0.8609	0.6605	0.981833816247774	0.09590235492548839	0.1194257140616238	0.04379071649838395	grid_runs/pold_0.1_pyoung_0.1_told_55000k_tyoung_50000k/summary.json	grid_runs/pold_0.1_pyoung_0.1_told_55000k_tyoung_50000k
0.1	0.1	30000	40000	10000	0.5185	0.7926	0.6269	0.5824	0.2757	0.3743	0.4963	0.3735	0.4262	0.4982	0.6253	0.5546	0.984250916571816	0.09545417436800901	0.05662611318431181	0.02819435220465617	grid_runs/pold_0.1_pyoung_0.1_told_40000k_tyoung_30000k/summary.json	grid_runs/pold_0.1_pyoung_0.1_told_40000k_tyoung_30000k
0.1	0.1	35000	45000	10000	0.5186	0.7934	0.6272	0.6816	0.3652	0.4756	0.5492	0.3386	0.419	0.5625	0.7546	0.6446	0.9693782781809224	0.0945724363890379	0.06479886953461009	0.03137883104259083	grid_runs/pold_0.1_pyoung_0.1_told_45000k_tyoung_35000k/summary.json	grid_runs/pold_0.1_pyoung_0.1_told_45000k_tyoung_35000k
0.1	0.1	40000	50000	10000	0.4674	0.7548	0.5773	0.7247	0.4189	0.5309	0.562	0.3604	0.4392	0.6452	0.8039	0.7159	0.978588873562185	0.09641463135855317	0.07891922155996389	0.032757039268531365	grid_runs/pold_0.1_pyoung_0.1_told_50000k_tyoung_40000k/summary.json	grid_runs/pold_0.1_pyoung_0.1_told_50000k_tyoung_40000k
0.1	0.1	45000	55000	10000	0.5182	0.707	0.598	0.5982	0.3588	0.4485	0.5638	0.2627	0.3584	0.536	0.7939	0.6399	0.9751007010985574	0.09729037599277235	0.08560996901657188	0.03899580653291482	grid_runs/pold_0.1_pyoung_0.1_told_55000k_tyoung_45000k/summary.json	grid_runs/pold_0.1_pyoung_0.1_told_55000k_tyoung_45000k
0.1	0.1	50000	60000	10000	0.5089	0.7212	0.5967	0.6357	0.3644	0.4632	0.5832	0.2547	0.3545	0.5612	0.8292	0.6694	0.97721315465071	0.09631164740180441	0.10620744534890803	0.042848904442812974	grid_runs/pold_0.1_pyoung_0.1_told_60000k_tyoung_50000k/summary.json	grid_runs/pold_0.1_pyoung_0.1_told_60000k_tyoung_50000k
0.1	0.1	30000	45000	15000	0.5706	0.8396	0.6794	0.6324	0.2936	0.401	0.6254	0.378	0.4712	0.5101	0.7443	0.6053	0.9764610617496787	0.09480595450616838	0.0653880117334403	0.030964524348094925	grid_runs/pold_0.1_pyoung_0.1_told_45000k_tyoung_30000k/summary.json	grid_runs/pold_0.1_pyoung_0.1_told_45000k_tyoung_30000k
0.1	0.1	35000	50000	15000	0.5184	0.7664	0.6185	0.6253	0.3431	0.4431	0.5777	0.2552	0.3541	0.5395	0.8221	0.6514	0.9692827244283198	0.09507241926617611	0.07849580902239356	0.032876121637628965	grid_runs/pold_0.1_pyoung_0.1_told_50000k_tyoung_35000k/summary.json	grid_runs/pold_0.1_pyoung_0.1_told_50000k_tyoung_35000k
0.1	0.1	40000	55000	15000	0.5468	0.7912	0.6466	0.7511	0.4288	0.546	0.6063	0.5133	0.5559	0.641	0.724	0.68	0.9743629438215976	0.0945684439070387	0.07493865045349196	0.03328773782028451	grid_runs/pold_0.1_pyoung_0.1_told_55000k_tyoung_40000k/summary.json	grid_runs/pold_0.1_pyoung_0.1_told_55000k_tyoung_40000k
0.1	0.1	45000	60000	15000	0.5361	0.7435	0.623	0.6701	0.3923	0.4949	0.6735	0.2656	0.381	0.5685	0.8708	0.6879	0.973393041540391	0.09536782795858285	0.09964549834012296	0.040735692541048	grid_runs/pold_0.1_pyoung_0.1_told_60000k_tyoung_45000k/summary.json	grid_runs/pold_0.1_pyoung_0.1_told_60000k_tyoung_45000k
0.1	0.1	30000	50000	20000	0.5468	0.8633	0.6695	0.7144	0.3049	0.4274	0.667	0.4528	0.5394	0.589	0.7808	0.6715	0.9883465241391468	0.09529659167417372	0.07539147279989071	0.030713695785703408	grid_runs/pold_0.1_pyoung_0.1_told_50000k_tyoung_30000k/summary.json	grid_runs/pold_0.1_pyoung_0.1_told_50000k_tyoung_30000k
0.1	0.1	35000	55000	20000	0.5347	0.8434	0.6545	0.8195	0.3971	0.535	0.6632	0.2949	0.4083	0.6113	0.8724	0.7189	0.9759494552429796	0.09518158924230133	0.09815819642285031	0.03510908519484104	grid_runs/pold_0.1_pyoung_0.1_told_55000k_tyoung_35000k/summary.json	grid_runs/pold_0.1_pyoung_0.1_told_55000k_tyoung_35000k
0.1	0.1	40000	60000	20000	0.5222	0.7985	0.6314	0.8175	0.4752	0.601	0.656	0.2314	0.3421	0.6328	0.9092	0.7462	0.978163436879936	0.09542121481625547	0.12187251418358713	0.03682815717968954	grid_runs/pold_0.1_pyoung_0.1_told_60000k_tyoung_40000k/summary.json	grid_runs/pold_0.1_pyoung_0.1_told_60000k_tyoung_40000k
0.1	0.2	30000	35000	5000	0.2457	0.1226	0.1636	0.6846	0.8332	0.7516	0.3147	0.0998	0.1515	0.6962	0.903	0.7863	0.9414433522111989	0.0961063956117363	0.07925201402596718	0.031646475718024265	grid_runs/pold_0.1_pyoung_0.2_told_35000k_tyoung_30000k/summary.json	grid_runs/pold_0.1_pyoung_0.2_told_35000k_tyoung_30000k
0.1	0.2	35000	40000	5000	0.2618	0.0646	0.1037	0.7212	0.9245	0.8103	0.2864	0.0993	0.1475	0.7239	0.9024	0.8034	0.9436760302279996	0.09544567863164626	0.07805614959148821	0.0328096549841187	grid_runs/pold_0.1_pyoung_0.2_told_40000k_tyoung_35000k/summary.json	grid_runs/pold_0.1_pyoung_0.2_told_40000k_tyoung_35000k
0.1	0.2	40000	45000	5000	0.3816	0.0669	0.1138	0.7302	0.9511	0.8261	0.3359	0.1163	0.1728	0.7319	0.9064	0.8099	0.9312499811935073	0.09508667733559313	0.08913024218430239	0.03440984633876476	grid_runs/pold_0.1_pyoung_0.2_told_45000k_tyoung_40000k/summary.json	grid_runs/pold_0.1_pyoung_0.2_told_45000k_tyoung_40000k
0.1	0.2	45000	50000	5000	0.3907	0.0517	0.0913	0.6898	0.9522	0.8	0.39	0.1373	0.2031	0.6973	0.8945	0.7837	0.9399023342669555	0.09474648067171493	0.09895864821790257	0.038248478149305175	grid_runs/pold_0.1_pyoung_0.2_told_50000k_tyoung_45000k/summary.json	grid_runs/pold_0.1_pyoung_0.2_told_50000k_tyoung_45000k
0.1	0.2	50000	55000	5000	0.1928	0.0179	0.0328	0.7022	0.9549	0.8093	0.2583	0.0842	0.127	0.7032	0.8905	0.7858	0.9356943519368711	0.09534858482791182	0.12217918407936863	0.04306633860651231	grid_runs/pold_0.1_pyoung_0.2_told_55000k_tyoung_50000k/summary.json	grid_runs/pold_0.1_pyoung_0.2_told_55000k_tyoung_50000k
0.1	0.2	30000	40000	10000	0.306	0.3775	0.338	0.7478	0.6862	0.7157	0.3285	0.1416	0.1979	0.7355	0.8896	0.8052	0.9474550298960656	0.09488439380492704	0.08201210704150504	0.030846418142712245	grid_runs/pold_0.1_pyoung_0.2_told_40000k_tyoung_30000k/summary.json	grid_runs/pold_0.1_pyoung_0.2_told_40000k_tyoung_30000k
0.1	0.2	35000	45000	10000	0.3478	0.3779	0.3622	0.7899	0.7704	0.7801	0.4066	0.1584	0.228	0.769	0.9184	0.8371	0.9470334672735293	0.09500979232481795	0.09498598058807219	0.033456421395290044	grid_runs/pold_0.1_pyoung_0.2_told_45000k_tyoung_35000k/summary.json	grid_runs/pold_0.1_pyoung_0.2_told_45000k_tyoung_35000k
0.1	0.2	40000	50000	10000	0.3861	0.2686	0.3168	0.7638	0.8451	0.8024	0.4217	0.1399	0.2101	0.7516	0.9234	0.8287	0.9353262914024998	0.09702060944838205	0.09664556560393328	0.0352314671224758	grid_runs/pold_0.1_pyoung_0.2_told_50000k_tyoung_40000k/summary.json	grid_runs/pold_0.1_pyoung_0.2_told_50000k_tyoung_40000k
0.1	0.2	45000	55000	10000	0.3955	0.2402	0.2988	0.7334	0.8453	0.7854	0.4198	0.1374	0.207	0.7245	0.914	0.8083	0.943499293502995	0.09553176774654855	0.11220923040771853	0.040986674921420864	grid_runs/pold_0.1_pyoung_0.2_told_55000k_tyoung_45000k/summary.json	grid_runs/pold_0.1_pyoung_0.2_told_55000k_tyoung_45000k
0.1	0.2	50000	60000	10000	0.3486	0.1893	0.2454	0.7258	0.8491	0.7826	0.3752	0.0911	0.1466	0.7211	0.9304	0.8125	0.9392718391178885	0.0969008482228423	0.14417594356454747	0.045310948247371224	grid_runs/pold_0.1_pyoung_0.2_told_60000k_tyoung_50000k/summary.json	grid_runs/pold_0.1_pyoung_0.2_told_60000k_tyoung_50000k
0.1	0.2	30000	45000	15000	0.3256	0.5473	0.4083	0.7638	0.5665	0.6505	0.3821	0.2302	0.2873	0.739	0.8538	0.7923	0.9492750065733806	0.09531867156937163	0.07341939627419806	0.030797784326948338	grid_runs/pold_0.1_pyoung_0.2_told_45000k_tyoung_30000k/summary.json	grid_runs/pold_0.1_pyoung_0.2_told_45000k_tyoung_30000k
0.1	0.2	35000	50000	15000	0.3652	0.4835	0.4161	0.7972	0.7091	0.7506	0.5025	0.2407	0.3255	0.7738	0.9094	0.8361	0.9441077330007889	0.09477551554102463	0.08399793772245481	0.03246132566110332	grid_runs/pold_0.1_pyoung_0.2_told_50000k_tyoung_35000k/summary.json	grid_runs/pold_0.1_pyoung_0.2_told_50000k_tyoung_35000k
0.1	0.2	40000	55000	15000	0.3866	0.4489	0.4154	0.7986	0.7561	0.7767	0.463	0.2702	0.3413	0.779	0.8844	0.8283	0.9362558752925128	0.09517842200991015	0.08961908242597007	0.03459536219145188	grid_runs/pold_0.1_pyoung_0.2_told_55000k_tyoung_40000k/summary.json	grid_runs/pold_0.1_pyoung_0.2_told_55000k_tyoung_40000k
0.1	0.2	45000	60000	15000	0.463	0.4465	0.4546	0.7677	0.7671	0.7674	0.5786	0.1931	0.2895	0.7299	0.929	0.8175	0.9415230842376002	0.09683574284711431	0.12768774429210447	0.04150928353965507	grid_runs/pold_0.1_pyoung_0.2_told_60000k_tyoung_45000k/summary.json	grid_runs/pold_0.1_pyoung_0.2_told_60000k_tyoung_45000k
0.1	0.2	30000	50000	20000	0.3531	0.6363	0.4542	0.7894	0.5424	0.643	0.4282	0.1535	0.2259	0.7274	0.9135	0.8099	0.9498487373630734	0.09587252825624382	0.10295474881499077	0.03327703030946653	grid_runs/pold_0.1_pyoung_0.2_told_50000k_tyoung_30000k/summary.json	grid_runs/pold_0.1_pyoung_0.2_told_50000k_tyoung_30000k
0.1	0.2	35000	55000	20000	0.4286	0.5728	0.4903	0.8092	0.6912	0.7456	0.5485	0.2503	0.3437	0.7541	0.9125	0.8258	0.9370719807559723	0.09415197218656388	0.09644302103783682	0.033928563343119146	grid_runs/pold_0.1_pyoung_0.2_told_55000k_tyoung_35000k/summary.json	grid_runs/pold_0.1_pyoung_0.2_told_55000k_tyoung_35000k
0.1	0.2	40000	60000	20000	0.4067	0.545	0.4658	0.8165	0.7053	0.7568	0.4803	0.278	0.3521	0.773	0.8832	0.8244	0.9353640589775841	0.0957729352878448	0.09130556219234581	0.03465475229099606	grid_runs/pold_0.1_pyoung_0.2_told_60000k_tyoung_40000k/summary.json	grid_runs/pold_0.1_pyoung_0.2_told_60000k_tyoung_40000k
0.1	0.3	30000	35000	5000	0.1991	0.0352	0.0599	0.7931	0.9577	0.8677	0.1687	0.0504	0.0776	0.7914	0.9328	0.8563	0.900055362494588	0.09525495311976176	0.08184053592461121	0.032243007465791305	grid_runs/pold_0.1_pyoung_0.3_told_35000k_tyoung_30000k/summary.json	grid_runs/pold_0.1_pyoung_0.3_told_35000k_tyoung_30000k
0.1	0.3	35000	40000	5000	0.194	0.0136	0.0254	0.7979	0.9784	0.879	0.2952	0.0702	0.1135	0.8031	0.9517	0.8711	0.8967835260108474	0.09608757971416272	0.08797002609811722	0.033099136985971465	grid_runs/pold_0.1_pyoung_0.3_told_40000k_tyoung_35000k/summary.json	grid_runs/pold_0.1_pyoung_0.3_told_40000k_tyoung_35000k
0.1	0.3	40000	45000	5000	0.2521	0.0114	0.0218	0.8197	0.985	0.8947	0.1954	0.0712	0.1044	0.8208	0.9308	0.8723	0.8919213896786082	0.09563421063793717	0.09359593706939891	0.03374144474361853	grid_runs/pold_0.1_pyoung_0.3_told_45000k_tyoung_40000k/summary.json	grid_runs/pold_0.1_pyoung_0.3_told_45000k_tyoung_40000k
0.1	0.3	45000	50000	5000	0.1552	0.0035	0.0069	0.8092	0.9849	0.8884	0.2604	0.0647	0.1036	0.8135	0.9499	0.8764	0.9073322040478412	0.09664563978917337	0.12763461682405755	0.040689221839706094	grid_runs/pold_0.1_pyoung_0.3_told_50000k_tyoung_45000k/summary.json	grid_runs/pold_0.1_pyoung_0.3_told_50000k_tyoung_45000k
0.1	0.3	50000	55000	5000	0.0	0.0	0.0	0.7848	0.9879	0.8747	0.2345	0.0566	0.0912	0.7873	0.942	0.8577	0.8948028095366048	0.09615758094427787	0.1405882464114384	0.04466347564184467	grid_runs/pold_0.1_pyoung_0.3_told_55000k_tyoung_50000k/summary.json	grid_runs/pold_0.1_pyoung_0.3_told_55000k_tyoung_50000k
0.1	0.3	30000	40000	10000	0.1822	0.1722	0.1771	0.7983	0.8108	0.8045	0.231	0.0869	0.1263	0.8036	0.9258	0.8604	0.9012106969518808	0.09677382407977574	0.0792646711557314	0.03159266067461245	grid_runs/pold_0.1_pyoung_0.3_told_40000k_tyoung_30000k/summary.json	grid_runs/pold_0.1_pyoung_0.3_told_40000k_tyoung_30000k
0.1	0.3	35000	45000	10000	0.2831	0.1194	0.168	0.7923	0.9144	0.849	0.3503	0.1026	0.1587	0.7945	0.943	0.8624	0.8939625086955238	0.09468399450213308	0.09290460596770991	0.032360295686911386	grid_runs/pold_0.1_pyoung_0.3_told_45000k_tyoung_35000k/summary.json	grid_runs/pold_0.1_pyoung_0.3_told_45000k_tyoung_35000k
0.1	0.3	40000	50000	10000	0.3142	0.1127	0.1658	0.8382	0.9455	0.8886	0.3738	0.1525	0.2166	0.8441	0.9429	0.8908	0.8934067461553381	0.0968520436073802	0.09420103092447799	0.034992294113104935	grid_runs/pold_0.1_pyoung_0.3_told_50000k_tyoung_40000k/summary.json	grid_runs/pold_0.1_pyoung_0.3_told_50000k_tyoung_40000k
0.1	0.3	45000	55000	10000	0.3531	0.0992	0.1549	0.8081	0.9461	0.8716	0.3329	0.0963	0.1494	0.8078	0.9442	0.8707	0.903218221606895	0.09564097752658586	0.13442923899643866	0.041443874321002445	grid_runs/pold_0.1_pyoung_0.3_told_55000k_tyoung_45000k/summary.json	grid_runs/pold_0.1_pyoung_0.3_told_55000k_tyoung_45000k
0.1	0.3	50000	60000	10000	0.2384	0.0759	0.1152	0.8259	0.9384	0.8786	0.2538	0.0863	0.1288	0.8277	0.938	0.8794	0.9017167571629536	0.09613885876757679	0.1523454774579981	0.04656495109679459	grid_runs/pold_0.1_pyoung_0.3_told_60000k_tyoung_50000k/summary.json	grid_runs/pold_0.1_pyoung_0.3_told_60000k_tyoung_50000k
0.1	0.3	30000	45000	15000	0.223	0.3114	0.2599	0.799	0.7205	0.7577	0.2812	0.1181	0.1663	0.7979	0.9185	0.8539	0.8972923467568945	0.09628291948207184	0.07790905764833354	0.032443183752640076	grid_runs/pold_0.1_pyoung_0.3_told_45000k_tyoung_30000k/summary.json	grid_runs/pold_0.1_pyoung_0.3_told_45000k_tyoung_30000k
0.1	0.3	35000	50000	15000	0.3231	0.2703	0.2944	0.8203	0.8549	0.8373	0.3918	0.12	0.1837	0.8083	0.9469	0.8721	0.8975993009524432	0.09588282291981633	0.09891616525101116	0.03372444999768998	grid_runs/pold_0.1_pyoung_0.3_told_50000k_tyoung_35000k/summary.json	grid_runs/pold_0.1_pyoung_0.3_told_50000k_tyoung_35000k
0.1	0.3	40000	55000	15000	0.3335	0.2336	0.2747	0.8575	0.9076	0.8818	0.3834	0.1691	0.2347	0.8528	0.9417	0.8951	0.8997177526481481	0.09735288989268116	0.09745278681342952	0.03432690513108393	grid_runs/pold_0.1_pyoung_0.3_told_55000k_tyoung_40000k/summary.json	grid_runs/pold_0.1_pyoung_0.3_told_55000k_tyoung_40000k
0.1	0.3	45000	60000	15000	0.3197	0.2042	0.2493	0.8392	0.8993	0.8682	0.3588	0.1063	0.1641	0.8313	0.9516	0.8874	0.9064187104481464	0.09572638365404618	0.1455141691616186	0.0415426999072859	grid_runs/pold_0.1_pyoung_0.3_told_60000k_tyoung_45000k/summary.json	grid_runs/pold_0.1_pyoung_0.3_told_60000k_tyoung_45000k
0.1	0.3	30000	50000	20000	0.2685	0.5231	0.3549	0.8583	0.6777	0.7574	0.3759	0.1994	0.2606	0.8315	0.9188	0.873	0.9030502431805978	0.09597735521812968	0.08650238689520141	0.032230723730798515	grid_runs/pold_0.1_pyoung_0.3_told_50000k_tyoung_30000k/summary.json	grid_runs/pold_0.1_pyoung_0.3_told_50000k_tyoung_30000k
0.1	0.3	35000	55000	20000	0.3624	0.4418	0.3982	0.8706	0.8337	0.8517	0.5043	0.2552	0.3389	0.852	0.9407	0.8941	0.8993485628797354	0.09635418465573653	0.0869243967044881	0.03295462051619576	grid_runs/pold_0.1_pyoung_0.3_told_55000k_tyoung_35000k/summary.json	grid_runs/pold_0.1_pyoung_0.3_told_55000k_tyoung_35000k
0.1	0.3	40000	60000	20000	0.3777	0.3485	0.3625	0.85	0.8617	0.8558	0.508	0.1784	0.2641	0.8318	0.9547	0.8891	0.8885943887638355	0.09646222675197857	0.11592517189551939	0.035101193452774716	grid_runs/pold_0.1_pyoung_0.3_told_60000k_tyoung_40000k/summary.json	grid_runs/pold_0.1_pyoung_0.3_told_60000k_tyoung_40000k
0.1	0.4	30000	35000	5000	0.0542	0.0044	0.0082	0.8477	0.9811	0.9096	0.1747	0.0505	0.0784	0.8503	0.954	0.8992	0.862295155328487	0.09780051352439909	0.09481746499488515	0.032562913328957666	grid_runs/pold_0.1_pyoung_0.4_told_35000k_tyoung_30000k/summary.json	grid_runs/pold_0.1_pyoung_0.4_told_35000k_tyoung_30000k
0.1	0.4	35000	40000	5000	0.3371	0.0036	0.007	0.8747	0.9933	0.9302	0.1125	0.0352	0.0536	0.8744	0.9572	0.9139	0.860095860432324	0.09670345953816585	0.0921337975890395	0.03317593995290923	grid_runs/pold_0.1_pyoung_0.4_told_40000k_tyoung_35000k/summary.json	grid_runs/pold_0.1_pyoung_0.4_told_40000k_tyoung_35000k
0.1	0.4	40000	45000	5000	0.0	0.0	0.0	0.8657	0.9937	0.9253	0.2209	0.0607	0.0953	0.8695	0.9631	0.9139	0.851204236258571	0.09713680563003943	0.10934967554928623	0.035456618051880384	grid_runs/pold_0.1_pyoung_0.4_told_45000k_tyoung_40000k/summary.json	grid_runs/pold_0.1_pyoung_0.4_told_45000k_tyoung_40000k
0.1	0.4	45000	50000	5000	0.0	0.0	0.0	0.8627	0.9911	0.9225	0.1942	0.0573	0.0885	0.8659	0.9575	0.9094	0.8620066701551796	0.09728822473214521	0.14449363673254423	0.039399750248009555	grid_runs/pold_0.1_pyoung_0.4_told_50000k_tyoung_45000k/summary.json	grid_runs/pold_0.1_pyoung_0.4_told_50000k_tyoung_45000k
0.1	0.4	50000	55000	5000	0.0	0.0	0.0	0.8536	0.9893	0.9165	0.2015	0.0498	0.0798	0.8565	0.9596	0.9052	0.8626645913071914	0.09611414043079398	0.17342064654091505	0.04565263967633148	grid_runs/pold_0.1_pyoung_0.4_told_55000k_tyoung_50000k/summary.json	grid_runs/pold_0.1_pyoung_0.4_told_55000k_tyoung_50000k
0.1	0.4	30000	40000	10000	0.1398	0.1065	0.1209	0.8751	0.9061	0.8904	0.1621	0.0739	0.1015	0.8758	0.944	0.9086	0.8652910848855142	0.09718573938621992	0.08249437259259353	0.033065266342208605	grid_runs/pold_0.1_pyoung_0.4_told_40000k_tyoung_30000k/summary.json	grid_runs/pold_0.1_pyoung_0.4_told_40000k_tyoung_30000k
0.1	0.4	35000	45000	10000	0.1886	0.0684	0.1003	0.8787	0.9547	0.9151	0.1996	0.0908	0.1248	0.8806	0.9452	0.9117	0.8614680702964426	0.09729314880940382	0.09241639190015659	0.033188179113243454	grid_runs/pold_0.1_pyoung_0.4_told_45000k_tyoung_35000k/summary.json	grid_runs/pold_0.1_pyoung_0.4_told_45000k_tyoung_35000k
0.1	0.4	40000	50000	10000	0.1451	0.0293	0.0487	0.8602	0.9677	0.9108	0.2139	0.0635	0.098	0.8635	0.9588	0.9087	0.8512133010698684	0.096424523810655	0.11912571560911116	0.03564325875963891	grid_runs/pold_0.1_pyoung_0.4_told_50000k_tyoung_40000k/summary.json	grid_runs/pold_0.1_pyoung_0.4_told_50000k_tyoung_40000k
0.1	0.4	45000	55000	10000	0.2528	0.0255	0.0463	0.8485	0.9788	0.909	0.2415	0.0634	0.1005	0.8511	0.9581	0.9014	0.8546461816235628	0.09594950867779498	0.13257894550443555	0.03955415051498944	grid_runs/pold_0.1_pyoung_0.4_told_55000k_tyoung_45000k/summary.json	grid_runs/pold_0.1_pyoung_0.4_told_55000k_tyoung_45000k
0.1	0.4	50000	60000	10000	0.1854	0.0244	0.0431	0.8713	0.9744	0.92	0.1997	0.0679	0.1014	0.8744	0.9539	0.9124	0.8700693780588555	0.09769813965091326	0.18699598914417756	0.04653307460846002	grid_runs/pold_0.1_pyoung_0.4_told_60000k_tyoung_50000k/summary.json	grid_runs/pold_0.1_pyoung_0.4_told_60000k_tyoung_50000k
0.1	0.4	30000	45000	15000	0.1596	0.2298	0.1884	0.8748	0.8205	0.8468	0.2344	0.1377	0.1735	0.876	0.9308	0.9025	0.868590555610214	0.09575120014056451	0.07918587306828899	0.0319539646989016	grid_runs/pold_0.1_pyoung_0.4_told_45000k_tyoung_30000k/summary.json	grid_runs/pold_0.1_pyoung_0.4_told_45000k_tyoung_30000k
0.1	0.4	35000	50000	15000	0.2613	0.1874	0.2183	0.8777	0.9164	0.8967	0.2788	0.0943	0.1409	0.8712	0.9581	0.9126	0.8633476930592249	0.0963171509096142	0.10813939302971254	0.034085467007801	grid_runs/pold_0.1_pyoung_0.4_told_50000k_tyoung_35000k/summary.json	grid_runs/pold_0.1_pyoung_0.4_told_50000k_tyoung_35000k
0.1	0.4	40000	55000	15000	0.192	0.096	0.128	0.8684	0.934	0.9	0.2354	0.0869	0.1269	0.8697	0.9515	0.9088	0.8555724252593915	0.09626997977884683	0.1088915737799528	0.03554597452580603	grid_runs/pold_0.1_pyoung_0.4_told_55000k_tyoung_40000k/summary.json	grid_runs/pold_0.1_pyoung_0.4_told_55000k_tyoung_40000k
0.1	0.4	45000	60000	15000	0.2399	0.1033	0.1444	0.8838	0.9485	0.915	0.276	0.1257	0.1728	0.8865	0.9491	0.9168	0.8630759939743666	0.09766331634692088	0.13877360074202874	0.039817321731100884	grid_runs/pold_0.1_pyoung_0.4_told_60000k_tyoung_45000k/summary.json	grid_runs/pold_0.1_pyoung_0.4_told_60000k_tyoung_45000k
0.1	0.4	30000	50000	20000	0.2379	0.4189	0.3035	0.8767	0.7608	0.8146	0.3611	0.1928	0.2514	0.8631	0.936	0.8981	0.8598525062181598	0.09572056321084456	0.08334424849171539	0.03261702645248185	grid_runs/pold_0.1_pyoung_0.4_told_50000k_tyoung_30000k/summary.json	grid_runs/pold_0.1_pyoung_0.4_told_50000k_tyoung_30000k
0.1	0.4	35000	55000	20000	0.2945	0.3193	0.3064	0.8868	0.8784	0.8826	0.3596	0.1404	0.2019	0.8721	0.9565	0.9123	0.8601635001055895	0.0960383351898548	0.11131330080980277	0.03407674343996612	grid_runs/pold_0.1_pyoung_0.4_told_55000k_tyoung_35000k/summary.json	grid_runs/pold_0.1_pyoung_0.4_told_55000k_tyoung_35000k
0.1	0.4	40000	60000	20000	0.3074	0.2507	0.2761	0.8827	0.9063	0.8943	0.3874	0.1378	0.2033	0.8738	0.9599	0.9149	0.8565135303629005	0.09771288665850797	0.12090815323111184	0.036160028297917424	grid_runs/pold_0.1_pyoung_0.4_told_60000k_tyoung_40000k/summary.json	grid_runs/pold_0.1_pyoung_0.4_told_60000k_tyoung_40000k
0.1	0.5	30000	35000	5000	0.3527	0.0136	0.0263	0.9049	0.9924	0.9466	0.1019	0.0294	0.0456	0.9044	0.9702	0.9361	0.8267127951319264	0.09701569665192444	0.10511504411490807	0.03324270087919142	grid_runs/pold_0.1_pyoung_0.5_told_35000k_tyoung_30000k/summary.json	grid_runs/pold_0.1_pyoung_0.5_told_35000k_tyoung_30000k
0.1	0.5	35000	40000	5000	0.0	0.0	0.0	0.8826	0.9953	0.9356	0.1836	0.0372	0.0618	0.8844	0.9748	0.9274	0.8182048315212729	0.0967340058819791	0.10720873359807984	0.03437579312734963	grid_runs/pold_0.1_pyoung_0.5_told_40000k_tyoung_35000k/summary.json	grid_runs/pold_0.1_pyoung_0.5_told_40000k_tyoung_35000k
0.1	0.5	40000	45000	5000	0.0	0.0	0.0	0.905	0.9949	0.9478	0.1208	0.0353	0.0547	0.9059	0.9704	0.9371	0.8135253446682033	0.09634186153973165	0.12105522848931265	0.03597210702207484	grid_runs/pold_0.1_pyoung_0.5_told_45000k_tyoung_40000k/summary.json	grid_runs/pold_0.1_pyoung_0.5_told_45000k_tyoung_40000k
0.1	0.5	45000	50000	5000	0.0	0.0	0.0	0.904	0.993	0.9464	0.0809	0.0174	0.0286	0.9043	0.9755	0.9386	0.8177021634992387	0.09717233500354122	0.20751181647873626	0.042140882476431746	grid_runs/pold_0.1_pyoung_0.5_told_50000k_tyoung_45000k/summary.json	grid_runs/pold_0.1_pyoung_0.5_told_50000k_tyoung_45000k
0.1	0.5	50000	55000	5000	0.0	0.0	0.0	0.9019	0.9919	0.9447	0.1137	0.0341	0.0525	0.9029	0.9666	0.9337	0.8186992952314578	0.09712332104848144	0.1771660342186354	0.04588665273624392	grid_runs/pold_0.1_pyoung_0.5_told_55000k_tyoung_50000k/summary.json	grid_runs/pold_0.1_pyoung_0.5_told_55000k_tyoung_50000k
0.1	0.5	30000	40000	10000	0.0962	0.0801	0.0874	0.9113	0.9268	0.919	0.1019	0.0416	0.0591	0.9112	0.9624	0.9361	0.8223434094783639	0.09718606034650486	0.10882468025162428	0.032763321481451446	grid_runs/pold_0.1_pyoung_0.5_told_40000k_tyoung_30000k/summary.json	grid_runs/pold_0.1_pyoung_0.5_told_40000k_tyoung_30000k
0.1	0.5	35000	45000	10000	0.1882	0.0404	0.0665	0.9017	0.9773	0.938	0.186	0.0553	0.0853	0.9027	0.9703	0.9353	0.8183876536083268	0.09811407607133371	0.11617390688021696	0.03431418242146305	grid_runs/pold_0.1_pyoung_0.5_told_45000k_tyoung_35000k/summary.json	grid_runs/pold_0.1_pyoung_0.5_told_45000k_tyoung_35000k
0.1	0.5	40000	50000	10000	0.13	0.0193	0.0337	0.926	0.9854	0.9548	0.1169	0.0526	0.0726	0.9273	0.9664	0.9464	0.8198857657320694	0.09671259082209971	0.11720834592738875	0.03602009508775826	grid_runs/pold_0.1_pyoung_0.5_told_50000k_tyoung_40000k/summary.json	grid_runs/pold_0.1_pyoung_0.5_told_50000k_tyoung_40000k
0.1	0.5	45000	55000	10000	0.0023	0.0002	0.0003	0.9227	0.9875	0.954	0.0793	0.0385	0.0518	0.9237	0.9597	0.9414	0.820911474957449	0.09717438021740653	0.13677578323065848	0.0401712973227023	grid_runs/pold_0.1_pyoung_0.5_told_55000k_tyoung_45000k/summary.json	grid_runs/pold_0.1_pyoung_0.5_told_55000k_tyoung_45000k
0.1	0.5	50000	60000	10000	0.0472	0.0033	0.0062	0.8915	0.984	0.9354	0.1148	0.0312	0.049	0.8928	0.9668	0.9284	0.8163080866844725	0.09792641761101151	0.2004531508286132	0.04692673584018497	grid_runs/pold_0.1_pyoung_0.5_told_60000k_tyoung_50000k/summary.json	grid_runs/pold_0.1_pyoung_0.5_told_60000k_tyoung_50000k
0.1	0.5	30000	45000	15000	0.1664	0.216	0.188	0.9031	0.875	0.8889	0.2806	0.0887	0.1348	0.8994	0.9701	0.9334	0.8207318884106353	0.09789449837411338	0.1023186629541126	0.033135219198043984	grid_runs/pold_0.1_pyoung_0.5_told_45000k_tyoung_30000k/summary.json	grid_runs/pold_0.1_pyoung_0.5_told_45000k_tyoung_30000k
0.1	0.5	35000	50000	15000	0.1667	0.118	0.1382	0.9219	0.9468	0.9342	0.197	0.1031	0.1354	0.9219	0.9602	0.9407	0.8255210255867516	0.09743085190341792	0.10387081642401973	0.03347381659567213	grid_runs/pold_0.1_pyoung_0.5_told_50000k_tyoung_35000k/summary.json	grid_runs/pold_0.1_pyoung_0.5_told_50000k_tyoung_35000k
0.1	0.5	40000	55000	15000	0.2979	0.1206	0.1717	0.9127	0.9673	0.9392	0.2961	0.1378	0.188	0.914	0.9629	0.9378	0.8113295315100214	0.0967075019938476	0.11234682135595651	0.03599944957161797	grid_runs/pold_0.1_pyoung_0.5_told_55000k_tyoung_40000k/summary.json	grid_runs/pold_0.1_pyoung_0.5_told_55000k_tyoung_40000k
0.1	0.5	45000	60000	15000	0.2002	0.0538	0.0848	0.9092	0.9727	0.9399	0.2136	0.1023	0.1383	0.9123	0.9581	0.9346	0.8205303224553142	0.0977370628198777	0.12853555382891488	0.04013755065653531	grid_runs/pold_0.1_pyoung_0.5_told_60000k_tyoung_45000k/summary.json	grid_runs/pold_0.1_pyoung_0.5_told_60000k_tyoung_45000k
0.1	0.5	30000	50000	20000	0.1655	0.3315	0.2208	0.917	0.8241	0.8681	0.2423	0.1558	0.1897	0.9102	0.9449	0.9272	0.8218013608660013	0.09694094888190795	0.08907810364640927	0.032739219015919474	grid_runs/pold_0.1_pyoung_0.5_told_50000k_tyoung_30000k/summary.json	grid_runs/pold_0.1_pyoung_0.5_told_50000k_tyoung_30000k
0.1	0.5	35000	55000	20000	0.1926	0.21	0.201	0.9229	0.9179	0.9204	0.2957	0.1656	0.2123	0.9225	0.9597	0.9407	0.8241035423994749	0.0974581526086559	0.09447752418590019	0.033556575715807266	grid_runs/pold_0.1_pyoung_0.5_told_55000k_tyoung_35000k/summary.json	grid_runs/pold_0.1_pyoung_0.5_told_55000k_tyoung_35000k
0.1	0.5	40000	60000	20000	0.1921	0.1422	0.1634	0.9177	0.9398	0.9286	0.2591	0.1346	0.1771	0.9186	0.9599	0.9388	0.815396856049263	0.09651753826110261	0.10856909714781797	0.035781561439651936	grid_runs/pold_0.1_pyoung_0.5_told_60000k_tyoung_40000k/summary.json	grid_runs/pold_0.1_pyoung_0.5_told_60000k_tyoung_40000k
0.2	0.1	30000	35000	5000	0.649	0.9885	0.7836	0.7228	0.008	0.0159	0.6342	0.4663	0.5375	0.3301	0.4986	0.3972	0.9516907947831168	0.0964144716111362	0.055549762456765336	0.025468568182931594	grid_runs/pold_0.2_pyoung_0.1_told_35000k_tyoung_30000k/summary.json	grid_runs/pold_0.2_pyoung_0.1_told_35000k_tyoung_30000k
0.2	0.1	35000	40000	5000	0.6111	0.9888	0.7553	1.0	0.0041	0.0081	0.6428	0.4229	0.5102	0.4004	0.6257	0.4883	0.9338527249708606	0.09480621806993467	0.05818985685077555	0.028597538294068633	grid_runs/pold_0.2_pyoung_0.1_told_40000k_tyoung_35000k/summary.json	grid_runs/pold_0.2_pyoung_0.1_told_40000k_tyoung_35000k
0.2	0.1	40000	45000	5000	0.6357	0.9856	0.7729	0.0	0.0	0.0	0.7003	0.3769	0.49	0.3869	0.7152	0.5022	0.9195253131164018	0.09625619742936892	0.06471674433410976	0.03007579677830407	grid_runs/pold_0.2_pyoung_0.1_told_45000k_tyoung_40000k/summary.json	grid_runs/pold_0.2_pyoung_0.1_told_45000k_tyoung_40000k
0.2	0.1	45000	50000	5000	0.6065	0.9834	0.7503	0.0	0.0	0.0	0.6712	0.3182	0.4318	0.4076	0.7526	0.5288	0.9388485868525779	0.09672178667817925	0.08154485135976915	0.035094001054308016	grid_runs/pold_0.2_pyoung_0.1_told_50000k_tyoung_45000k/summary.json	grid_runs/pold_0.2_pyoung_0.1_told_50000k_tyoung_45000k
0.2	0.1	50000	55000	5000	0.6134	0.9816	0.755	0.0	0.0	0.0	0.6965	0.2696	0.3887	0.3971	0.79	0.5286	0.939704901357855	0.095058524095265	0.09559364337801182	0.03951356841575303	grid_runs/pold_0.2_pyoung_0.1_told_55000k_tyoung_50000k/summary.json	grid_runs/pold_0.2_pyoung_0.1_told_55000k_tyoung_50000k
0.2	0.1	30000	40000	10000	0.6697	0.9643	0.7905	0.3581	0.0279	0.0518	0.7015	0.5638	0.6251	0.3601	0.5119	0.4228	0.9374721438621394	0.09668838301512346	0.05554563689763248	0.026622045004076077	grid_runs/pold_0.2_pyoung_0.1_told_40000k_tyoung_30000k/summary.json	grid_runs/pold_0.2_pyoung_0.1_told_40000k_tyoung_30000k
0.2	0.1	35000	45000	10000	0.6189	0.9731	0.7566	0.6338	0.0387	0.073	0.6808	0.4255	0.5237	0.4189	0.6798	0.5183	0.9304216284807363	0.09533620856590813	0.06594917536632552	0.030201535986095946	grid_runs/pold_0.2_pyoung_0.1_told_45000k_tyoung_35000k/summary.json	grid_runs/pold_0.2_pyoung_0.1_told_45000k_tyoung_35000k
0.2	0.1	40000	50000	10000	0.5998	0.9665	0.7402	0.7161	0.0733	0.1329	0.7044	0.4635	0.5591	0.4765	0.7215	0.5739	0.9420518542095407	0.09625272437827341	0.07178558780549599	0.03181321762080292	grid_runs/pold_0.2_pyoung_0.1_told_50000k_tyoung_40000k/summary.json	grid_runs/pold_0.2_pyoung_0.1_told_50000k_tyoung_40000k
0.2	0.1	45000	55000	10000	0.6363	0.9735	0.7696	0.74	0.0413	0.0782	0.7124	0.3561	0.4749	0.396	0.7313	0.5138	0.9342227384849653	0.09653915983826608	0.09032096990609179	0.03715172870400784	grid_runs/pold_0.2_pyoung_0.1_told_55000k_tyoung_45000k/summary.json	grid_runs/pold_0.2_pyoung_0.1_told_55000k_tyoung_45000k
0.2	0.1	50000	60000	10000	0.6588	0.9481	0.7774	0.696	0.0352	0.067	0.7257	0.3514	0.4735	0.3767	0.7333	0.4977	0.934441317982122	0.09537047018249686	0.09774987059993809	0.04182764068354289	grid_runs/pold_0.2_pyoung_0.1_told_60000k_tyoung_50000k/summary.json	grid_runs/pold_0.2_pyoung_0.1_told_60000k_tyoung_50000k
0.2	0.1	30000	45000	15000	0.6821	0.9528	0.7951	0.5224	0.082	0.1417	0.7373	0.5064	0.6004	0.3746	0.6276	0.4692	0.9372800689535709	0.09461945215392499	0.06379203273532401	0.028332861133740467	grid_runs/pold_0.2_pyoung_0.1_told_45000k_tyoung_30000k/summary.json	grid_runs/pold_0.2_pyoung_0.1_told_45000k_tyoung_30000k
0.2	0.1	35000	50000	15000	0.6271	0.962	0.7593	0.7239	0.0977	0.1722	0.7139	0.4948	0.5845	0.4579	0.6875	0.5497	0.9353271744806277	0.09743199096374071	0.07128931711680712	0.03125354836958715	grid_runs/pold_0.2_pyoung_0.1_told_50000k_tyoung_35000k/summary.json	grid_runs/pold_0.2_pyoung_0.1_told_50000k_tyoung_35000k
0.2	0.1	40000	55000	15000	0.6317	0.9429	0.7566	0.6964	0.1477	0.2437	0.7559	0.4491	0.5635	0.4699	0.777	0.5856	0.9283956883104864	0.096240346642508	0.08388181317222018	0.03342969650375264	grid_runs/pold_0.2_pyoung_0.1_told_55000k_tyoung_40000k/summary.json	grid_runs/pold_0.2_pyoung_0.1_told_55000k_tyoung_40000k
0.2	0.1	45000	60000	15000	0.6445	0.9282	0.7607	0.6746	0.0978	0.1708	0.782	0.3719	0.504	0.4346	0.8106	0.5659	0.9392794177595792	0.09729169150526211	0.09575318651693995	0.039790536968681706	grid_runs/pold_0.2_pyoung_0.1_told_60000k_tyoung_45000k/summary.json	grid_runs/pold_0.2_pyoung_0.1_told_60000k_tyoung_45000k
0.2	0.1	30000	50000	20000	0.6691	0.9557	0.7871	0.6959	0.1257	0.2129	0.7816	0.4873	0.6004	0.4366	0.7542	0.553	0.9460602570026427	0.09686163964397827	0.07473967580328932	0.031593361484267626	grid_runs/pold_0.2_pyoung_0.1_told_50000k_tyoung_30000k/summary.json	grid_runs/pold_0.2_pyoung_0.1_told_50000k_tyoung_30000k
0.2	0.1	35000	55000	20000	0.6321	0.9515	0.7596	0.7465	0.1518	0.2522	0.7572	0.4804	0.5878	0.4842	0.7671	0.5937	0.936994402826992	0.09592192108206088	0.07864658065913159	0.03312968513974279	grid_runs/pold_0.2_pyoung_0.1_told_55000k_tyoung_35000k/summary.json	grid_runs/pold_0.2_pyoung_0.1_told_55000k_tyoung_35000k
0.2	0.1	40000	60000	20000	0.646	0.9054	0.754	0.7272	0.2121	0.3284	0.74	0.538	0.623	0.5038	0.717	0.5918	0.9349931997190256	0.09585784517635261	0.08319329843620596	0.03300624133698333	grid_runs/pold_0.2_pyoung_0.1_told_60000k_tyoung_40000k/summary.json	grid_runs/pold_0.2_pyoung_0.1_told_60000k_tyoung_40000k
0.2	0.2	30000	35000	5000	0.4114	0.6907	0.5157	0.5516	0.2784	0.37	0.4434	0.2754	0.3398	0.5789	0.744	0.6511	0.9165294773470483	0.09613280654978448	0.060184535017198226	0.028511401705104866	grid_runs/pold_0.2_pyoung_0.2_told_35000k_tyoung_30000k/summary.json	grid_runs/pold_0.2_pyoung_0.2_told_35000k_tyoung_30000k
0.2	0.2	35000	40000	5000	0.4343	0.5275	0.4764	0.5886	0.498	0.5395	0.4717	0.1711	0.2511	0.5809	0.8555	0.692	0.9107865834952881	0.09621914600925235	0.07113856950956757	0.03098010685357359	grid_runs/pold_0.2_pyoung_0.2_told_40000k_tyoung_35000k/summary.json	grid_runs/pold_0.2_pyoung_0.2_told_40000k_tyoung_35000k
0.2	0.2	40000	45000	5000	0.447	0.493	0.4688	0.6239	0.5804	0.6014	0.4549	0.2088	0.2862	0.5992	0.8242	0.6939	0.9010489468369206	0.09577399277617654	0.07505765511595654	0.031869110038980866	grid_runs/pold_0.2_pyoung_0.2_told_45000k_tyoung_40000k/summary.json	grid_runs/pold_0.2_pyoung_0.2_told_45000k_tyoung_40000k
0.2	0.2	45000	50000	5000	0.4894	0.4934	0.4914	0.5814	0.578	0.5797	0.5426	0.2013	0.2937	0.5631	0.8482	0.6769	0.9061207210357218	0.09827676883863189	0.09196531933113958	0.03740495061179743	grid_runs/pold_0.2_pyoung_0.2_told_50000k_tyoung_45000k/summary.json	grid_runs/pold_0.2_pyoung_0.2_told_50000k_tyoung_45000k
0.2	0.2	50000	55000	5000	0.4791	0.4391	0.4582	0.5736	0.6126	0.5924	0.4916	0.1931	0.2772	0.5566	0.8252	0.6648	0.9039484269198174	0.09806483118747344	0.09922649976596185	0.041589395665311266	grid_runs/pold_0.2_pyoung_0.2_told_55000k_tyoung_50000k/summary.json	grid_runs/pold_0.2_pyoung_0.2_told_55000k_tyoung_50000k
0.2	0.2	30000	40000	10000	0.4309	0.7477	0.5467	0.5784	0.256	0.3549	0.4968	0.2239	0.3087	0.5802	0.8257	0.6815	0.9129031539041007	0.09622952398766665	0.0672108140263141	0.02885736163774241	grid_runs/pold_0.2_pyoung_0.2_told_40000k_tyoung_30000k/summary.json	grid_runs/pold_0.2_pyoung_0.2_told_40000k_tyoung_30000k
0.2	0.2	35000	45000	10000	0.4709	0.7306	0.5727	0.6759	0.4029	0.5049	0.5292	0.2706	0.3581	0.6023	0.8217	0.6951	0.9070210521425561	0.09567999084998353	0.0713397486129394	0.03155707283956408	grid_runs/pold_0.2_pyoung_0.2_told_45000k_tyoung_35000k/summary.json	grid_runs/pold_0.2_pyoung_0.2_told_45000k_tyoung_35000k
0.2	0.2	40000	50000	10000	0.4683	0.676	0.5533	0.6824	0.4718	0.5579	0.5278	0.2857	0.3707	0.6211	0.8188	0.7064	0.9027816043293954	0.09534109951882552	0.07913869517857738	0.032674873121295876	grid_runs/pold_0.2_pyoung_0.2_told_50000k_tyoung_40000k/summary.json	grid_runs/pold_0.2_pyoung_0.2_told_50000k_tyoung_40000k
0.2	0.2	45000	55000	10000	0.4934	0.6856	0.5739	0.6334	0.4323	0.5139	0.5845	0.1916	0.2886	0.5706	0.8799	0.6923	0.9095489355308877	0.09645116473888439	0.10538861777710694	0.03919241667671946	grid_runs/pold_0.2_pyoung_0.2_told_55000k_tyoung_45000k/summary.json	grid_runs/pold_0.2_pyoung_0.2_told_55000k_tyoung_45000k
0.2	0.2	50000	60000	10000	0.4839	0.6412	0.5516	0.632	0.4469	0.5236	0.5456	0.1745	0.2645	0.5756	0.875	0.6944	0.9054205832151191	0.09686581085294867	0.11183668205020292	0.043729892343451385	grid_runs/pold_0.2_pyoung_0.2_told_60000k_tyoung_50000k/summary.json	grid_runs/pold_0.2_pyoung_0.2_told_60000k_tyoung_50000k
0.2	0.2	30000	45000	15000	0.4838	0.8445	0.6151	0.696	0.2747	0.3939	0.5679	0.3795	0.455	0.5998	0.7661	0.6729	0.9044752269941841	0.09602310210315738	0.06855955446940525	0.029730360633388735	grid_runs/pold_0.2_pyoung_0.2_told_45000k_tyoung_30000k/summary.json	grid_runs/pold_0.2_pyoung_0.2_told_45000k_tyoung_30000k
0.2	0.2	35000	50000	15000	0.4865	0.7809	0.5995	0.7174	0.3968	0.5109	0.6317	0.2655	0.3739	0.6151	0.8839	0.7254	0.9074348456668536	0.09464949093312577	0.08048798942504197	0.03273924097915545	grid_runs/pold_0.2_pyoung_0.2_told_50000k_tyoung_35000k/summary.json	grid_runs/pold_0.2_pyoung_0.2_told_50000k_tyoung_35000k
0.2	0.2	40000	55000	15000	0.5109	0.7547	0.6093	0.7378	0.4839	0.5845	0.6368	0.2504	0.3595	0.6195	0.8877	0.7297	0.8990186833420075	0.09644597138180018	0.09458248829636876	0.03482445826950201	grid_runs/pold_0.2_pyoung_0.2_told_55000k_tyoung_40000k/summary.json	grid_runs/pold_0.2_pyoung_0.2_told_55000k_tyoung_40000k
0.2	0.2	45000	60000	15000	0.5221	0.7527	0.6165	0.7061	0.4193	0.5261	0.6473	0.2985	0.4086	0.6011	0.8563	0.7063	0.9073017173428798	0.09516668015904114	0.09643005336166792	0.03942028789491583	grid_runs/pold_0.2_pyoung_0.2_told_60000k_tyoung_45000k/summary.json	grid_runs/pold_0.2_pyoung_0.2_told_60000k_tyoung_45000k
0.2	0.2	30000	50000	20000	0.5147	0.8753	0.6482	0.7584	0.3046	0.4346	0.618	0.4249	0.5036	0.6109	0.7778	0.6843	0.9068292224157669	0.09551075207944398	0.07351275653726141	0.02976250117087364	grid_runs/pold_0.2_pyoung_0.2_told_50000k_tyoung_30000k/summary.json	grid_runs/pold_0.2_pyoung_0.2_told_50000k_tyoung_30000k
0.2	0.2	35000	55000	20000	0.5126	0.8373	0.6359	0.7784	0.4059	0.5335	0.6541	0.392	0.4902	0.6446	0.8422	0.7303	0.9024484569635087	0.0951207905714585	0.07890607037152647	0.032905178719444456	grid_runs/pold_0.2_pyoung_0.2_told_55000k_tyoung_35000k/summary.json	grid_runs/pold_0.2_pyoung_0.2_told_55000k_tyoung_35000k
0.2	0.2	40000	60000	20000	0.5151	0.7685	0.6168	0.7814	0.4843	0.598	0.6485	0.3183	0.427	0.6524	0.8716	0.7462	0.9013570346450012	0.09712817280403818	0.09103184903418085	0.03455040317704246	grid_runs/pold_0.2_pyoung_0.2_told_60000k_tyoung_40000k/summary.json	grid_runs/pold_0.2_pyoung_0.2_told_60000k_tyoung_40000k
0.2	0.3	30000	35000	5000	0.3231	0.2384	0.2744	0.6809	0.765	0.7205	0.3147	0.0682	0.1121	0.6787	0.9253	0.783	0.867432424052177	0.09517769921308088	0.08603428769890822	0.031214487538559755	grid_runs/pold_0.2_pyoung_0.3_told_35000k_tyoung_30000k/summary.json	grid_runs/pold_0.2_pyoung_0.3_told_35000k_tyoung_30000k
0.2	0.3	35000	40000	5000	0.3707	0.1042	0.1627	0.6692	0.9079	0.7705	0.3804	0.146	0.211	0.6728	0.8798	0.7625	0.8667320664957479	0.0965374942600366	0.07421251039865585	0.030415249588161032	grid_runs/pold_0.2_pyoung_0.3_told_40000k_tyoung_35000k/summary.json	grid_runs/pold_0.2_pyoung_0.3_told_40000k_tyoung_35000k
0.2	0.3	40000	45000	5000	0.3333	0.0688	0.114	0.7067	0.9374	0.8059	0.3605	0.1106	0.1692	0.7111	0.9125	0.7993	0.8632618160631198	0.09687222863960122	0.08676214881032596	0.03306778314890014	grid_runs/pold_0.2_pyoung_0.3_told_45000k_tyoung_40000k/summary.json	grid_runs/pold_0.2_pyoung_0.3_told_45000k_tyoung_40000k
0.2	0.3	45000	50000	5000	0.3856	0.0747	0.1252	0.6846	0.938	0.7915	0.4267	0.124	0.1922	0.692	0.9156	0.7883	0.8680538931684738	0.09644447440835882	0.10644809734414411	0.03962893119897113	grid_runs/pold_0.2_pyoung_0.3_told_50000k_tyoung_45000k/summary.json	grid_runs/pold_0.2_pyoung_0.3_told_50000k_tyoung_45000k
0.2	0.3	50000	55000	5000	0.4227	0.0448	0.081	0.6565	0.9589	0.7794	0.4368	0.1044	0.1686	0.6629	0.922	0.7713	0.862565268335345	0.09672271842491215	0.1257264800800264	0.043042788171969666	grid_runs/pold_0.2_pyoung_0.3_told_55000k_tyoung_50000k/summary.json	grid_runs/pold_0.2_pyoung_0.3_told_55000k_tyoung_50000k
0.2	0.3	30000	40000	10000	0.3388	0.4861	0.3993	0.6881	0.547	0.6095	0.3509	0.1665	0.2258	0.6774	0.85	0.7539	0.8743840180818344	0.09701877754714806	0.06982825204508473	0.030646460634826126	grid_runs/pold_0.2_pyoung_0.3_told_40000k_tyoung_30000k/summary.json	grid_runs/pold_0.2_pyoung_0.3_told_40000k_tyoung_30000k
0.2	0.3	35000	45000	10000	0.409	0.3733	0.3903	0.7144	0.745	0.7294	0.4875	0.141	0.2188	0.6934	0.9238	0.7922	0.8616313961898594	0.09606049309456102	0.08603507983413607	0.031776565294135584	grid_runs/pold_0.2_pyoung_0.3_told_45000k_tyoung_35000k/summary.json	grid_runs/pold_0.2_pyoung_0.3_told_45000k_tyoung_35000k
0.2	0.3	40000	50000	10000	0.4049	0.3178	0.3561	0.7449	0.811	0.7766	0.4416	0.1783	0.254	0.7302	0.9063	0.8088	0.8641634422400922	0.09695683491325234	0.08534822492240333	0.03383655459393113	grid_runs/pold_0.2_pyoung_0.3_told_50000k_tyoung_40000k/summary.json	grid_runs/pold_0.2_pyoung_0.3_told_50000k_tyoung_40000k
0.2	0.3	45000	55000	10000	0.4477	0.3133	0.3686	0.7122	0.8135	0.7595	0.5002	0.1635	0.2464	0.6964	0.9154	0.791	0.8710720569705513	0.09798849116373333	0.11013714813377087	0.039581470333349925	grid_runs/pold_0.2_pyoung_0.3_told_55000k_tyoung_45000k/summary.json	grid_runs/pold_0.2_pyoung_0.3_told_55000k_tyoung_45000k
0.2	0.3	50000	60000	10000	0.3817	0.2544	0.3053	0.725	0.8233	0.771	0.4064	0.141	0.2094	0.7162	0.906	0.8	0.8806003873775428	0.09698617103467701	0.12299615329254934	0.0440048489726763	grid_runs/pold_0.2_pyoung_0.3_told_60000k_tyoung_50000k/summary.json	grid_runs/pold_0.2_pyoung_0.3_told_60000k_tyoung_50000k
0.2	0.3	30000	45000	15000	0.347	0.6385	0.4496	0.7489	0.4754	0.5816	0.3927	0.2698	0.3198	0.7134	0.8148	0.7607	0.8723465747221824	0.09612095466920405	0.06981047008646384	0.030533407245314566	grid_runs/pold_0.2_pyoung_0.3_told_45000k_tyoung_30000k/summary.json	grid_runs/pold_0.2_pyoung_0.3_told_45000k_tyoung_30000k
0.2	0.3	35000	50000	15000	0.4369	0.5863	0.5007	0.7607	0.6361	0.6928	0.5199	0.2466	0.3346	0.7064	0.8873	0.7865	0.8616951322974438	0.09622166287578086	0.08008522602990023	0.03261213029000632	grid_runs/pold_0.2_pyoung_0.3_told_50000k_tyoung_35000k/summary.json	grid_runs/pold_0.2_pyoung_0.3_told_50000k_tyoung_35000k
0.2	0.3	40000	55000	15000	0.4218	0.5005	0.4578	0.7933	0.7387	0.765	0.5713	0.1969	0.2928	0.7517	0.9368	0.8341	0.8672662486052505	0.09666752149782216	0.10111939217244847	0.03447110879669201	grid_runs/pold_0.2_pyoung_0.3_told_55000k_tyoung_40000k/summary.json	grid_runs/pold_0.2_pyoung_0.3_told_55000k_tyoung_40000k
0.2	0.3	45000	60000	15000	0.4114	0.4277	0.4194	0.7534	0.7313	0.7422	0.4434	0.1774	0.2534	0.7195	0.8974	0.7987	0.8765876783389542	0.09593842806225657	0.10533872462590138	0.03993657302942083	grid_runs/pold_0.2_pyoung_0.3_told_60000k_tyoung_45000k/summary.json	grid_runs/pold_0.2_pyoung_0.3_told_60000k_tyoung_45000k
0.2	0.3	30000	50000	20000	0.367	0.7309	0.4886	0.7863	0.4383	0.5629	0.4844	0.2979	0.3689	0.7275	0.8561	0.7866	0.8782748094102099	0.09624382019562444	0.07447983825741995	0.03191498784994415	grid_runs/pold_0.2_pyoung_0.3_told_50000k_tyoung_30000k/summary.json	grid_runs/pold_0.2_pyoung_0.3_told_50000k_tyoung_30000k
0.2	0.3	35000	55000	20000	0.4282	0.6683	0.5219	0.8217	0.6323	0.7147	0.5463	0.3439	0.4221	0.7603	0.8787	0.8152	0.8699573702109565	0.09633518718585171	0.07920325849441448	0.0313012466909248	grid_runs/pold_0.2_pyoung_0.3_told_55000k_tyoung_35000k/summary.json	grid_runs/pold_0.2_pyoung_0.3_told_55000k_tyoung_35000k
0.2	0.3	40000	60000	20000	0.4824	0.5945	0.5326	0.7934	0.6978	0.7425	0.62	0.2505	0.3568	0.7268	0.9227	0.8131	0.8558909978318913	0.09847060252824497	0.09691275755705578	0.03479292039138386	grid_runs/pold_0.2_pyoung_0.3_told_60000k_tyoung_40000k/summary.json	grid_runs/pold_0.2_pyoung_0.3_told_60000k_tyoung_40000k
0.2	0.4	30000	35000	5000	0.2295	0.0502	0.0824	0.7551	0.9423	0.8383	0.271	0.0785	0.1217	0.7582	0.93	0.8354	0.8339158743450207	0.0959396155795707	0.0770296207044761	0.03128546343925162	grid_runs/pold_0.2_pyoung_0.4_told_35000k_tyoung_30000k/summary.json	grid_runs/pold_0.2_pyoung_0.4_told_35000k_tyoung_30000k
0.2	0.4	35000	40000	5000	0.2797	0.0157	0.0298	0.7707	0.9828	0.8639	0.2705	0.0691	0.1101	0.7732	0.9423	0.8494	0.830527091478352	0.09538249166930367	0.08036748786467429	0.03164405990904238	grid_runs/pold_0.2_pyoung_0.4_told_40000k_tyoung_35000k/summary.json	grid_runs/pold_0.2_pyoung_0.4_told_40000k_tyoung_35000k
0.2	0.4	40000	45000	5000	0.3429	0.0165	0.0314	0.7822	0.9859	0.8723	0.2812	0.0808	0.1255	0.7854	0.9377	0.8548	0.8321974103591603	0.09721215299991522	0.09322457891827295	0.03384024490537209	grid_runs/pold_0.2_pyoung_0.4_told_45000k_tyoung_40000k/summary.json	grid_runs/pold_0.2_pyoung_0.4_told_45000k_tyoung_40000k
0.2	0.4	45000	50000	5000	0.3925	0.0075	0.0148	0.7458	0.9889	0.8503	0.3359	0.061	0.1033	0.7498	0.9535	0.8395	0.8264647555363865	0.09718418094908696	0.12007950305602186	0.03928289112068775	grid_runs/pold_0.2_pyoung_0.4_told_50000k_tyoung_45000k/summary.json	grid_runs/pold_0.2_pyoung_0.4_told_50000k_tyoung_45000k
0.2	0.4	50000	55000	5000	0.2831	0.0061	0.0118	0.7597	0.9868	0.8585	0.2729	0.0716	0.1134	0.7627	0.9344	0.8398	0.835961643720239	0.09693267074725656	0.13923138929035486	0.04426014189202974	grid_runs/pold_0.2_pyoung_0.4_told_55000k_tyoung_50000k/summary.json	grid_runs/pold_0.2_pyoung_0.4_told_55000k_tyoung_50000k
0.2	0.4	30000	40000	10000	0.2555	0.3034	0.2774	0.7741	0.7339	0.7535	0.2604	0.1201	0.1644	0.7683	0.8953	0.827	0.8364980893934515	0.09598877881375857	0.07428644225925696	0.031429518270375274	grid_runs/pold_0.2_pyoung_0.4_told_40000k_tyoung_30000k/summary.json	grid_runs/pold_0.2_pyoung_0.4_told_40000k_tyoung_30000k
0.2	0.4	35000	45000	10000	0.3212	0.2162	0.2584	0.8058	0.8775	0.8401	0.3381	0.1396	0.1976	0.7997	0.9255	0.858	0.8371759472793392	0.097360064068297	0.08196997299152643	0.03218796449709172	grid_runs/pold_0.2_pyoung_0.4_told_45000k_tyoung_35000k/summary.json	grid_runs/pold_0.2_pyoung_0.4_told_45000k_tyoung_35000k
0.2	0.4	40000	50000	10000	0.3591	0.1397	0.2012	0.7772	0.9208	0.8429	0.4113	0.1511	0.221	0.7815	0.9289	0.8488	0.8229584333332515	0.09748873662617899	0.09038169678939029	0.03429127425494084	grid_runs/pold_0.2_pyoung_0.4_told_50000k_tyoung_40000k/summary.json	grid_runs/pold_0.2_pyoung_0.4_told_50000k_tyoung_40000k
0.2	0.4	45000	55000	10000	0.4567	0.1164	0.1855	0.7619	0.948	0.8448	0.4512	0.1014	0.1656	0.7602	0.9521	0.8454	0.8306135057025936	0.09724171178370637	0.1115657633731933	0.03937192636118057	grid_runs/pold_0.2_pyoung_0.4_told_55000k_tyoung_45000k/summary.json	grid_runs/pold_0.2_pyoung_0.4_told_55000k_tyoung_45000k
0.2	0.4	50000	60000	10000	0.3553	0.0925	0.1468	0.7731	0.9425	0.8495	0.35	0.1252	0.1844	0.7769	0.9238	0.844	0.8393679915065005	0.09667011076611534	0.12355151253609457	0.04411595496265097	grid_runs/pold_0.2_pyoung_0.4_told_60000k_tyoung_50000k/summary.json	grid_runs/pold_0.2_pyoung_0.4_told_60000k_tyoung_50000k
0.2	0.4	30000	45000	15000	0.2659	0.4971	0.3465	0.8191	0.6299	0.7121	0.3134	0.1902	0.2367	0.7976	0.8851	0.8391	0.846088661307833	0.09594358151738475	0.072678452495121	0.03143454679122459	grid_runs/pold_0.2_pyoung_0.4_told_45000k_tyoung_30000k/summary.json	grid_runs/pold_0.2_pyoung_0.4_told_45000k_tyoung_30000k
0.2	0.4	35000	50000	15000	0.3774	0.3717	0.3745	0.8008	0.8067	0.8037	0.4576	0.2149	0.2924	0.785	0.9172	0.846	0.8268804070859981	0.0962925835690598	0.08286272292900694	0.03211773592607082	grid_runs/pold_0.2_pyoung_0.4_told_50000k_tyoung_35000k/summary.json	grid_runs/pold_0.2_pyoung_0.4_told_50000k_tyoung_35000k
0.2	0.4	40000	55000	15000	0.368	0.3062	0.3343	0.8139	0.8528	0.8329	0.4314	0.1676	0.2414	0.8004	0.9333	0.8618	0.830944971766573	0.09718747748319058	0.09811803911083196	0.03488427604035986	grid_runs/pold_0.2_pyoung_0.4_told_55000k_tyoung_40000k/summary.json	grid_runs/pold_0.2_pyoung_0.4_told_55000k_tyoung_40000k
0.2	0.4	45000	60000	15000	0.377	0.2955	0.3313	0.8162	0.8647	0.8398	0.4639	0.1736	0.2526	0.8053	0.9394	0.8672	0.8386906067972888	0.09817041644049945	0.1251515959041731	0.03958739164601552	grid_runs/pold_0.2_pyoung_0.4_told_60000k_tyoung_45000k/summary.json	grid_runs/pold_0.2_pyoung_0.4_told_60000k_tyoung_45000k
0.2	0.4	30000	50000	20000	0.333	0.6208	0.4335	0.8243	0.5917	0.6889	0.4469	0.2518	0.3221	0.7806	0.8955	0.8341	0.831723100926399	0.0966193615965402	0.07710068340567316	0.03178176368257493	grid_runs/pold_0.2_pyoung_0.4_told_50000k_tyoung_30000k/summary.json	grid_runs/pold_0.2_pyoung_0.4_told_50000k_tyoung_30000k
0.2	0.4	35000	55000	20000	0.4244	0.5197	0.4672	0.8389	0.7835	0.8102	0.5221	0.2544	0.3421	0.7984	0.926	0.8575	0.8301020069096241	0.0974506779349353	0.08626290662919021	0.03280887521919066	grid_runs/pold_0.2_pyoung_0.4_told_55000k_tyoung_35000k/summary.json	grid_runs/pold_0.2_pyoung_0.4_told_55000k_tyoung_35000k
0.2	0.4	40000	60000	20000	0.3753	0.4256	0.3989	0.8215	0.7907	0.8058	0.4881	0.1996	0.2833	0.7959	0.9336	0.8593	0.8288800818757018	0.09786428152897654	0.1053834350262974	0.0350818619858238	grid_runs/pold_0.2_pyoung_0.4_told_60000k_tyoung_40000k/summary.json	grid_runs/pold_0.2_pyoung_0.4_told_60000k_tyoung_40000k
0.2	0.5	30000	35000	5000	0.1576	0.0098	0.0185	0.8274	0.9855	0.8996	0.17	0.0469	0.0736	0.8277	0.9508	0.885	0.7979499779629181	0.09575919700599018	0.07890681790119038	0.03187842959156413	grid_runs/pold_0.2_pyoung_0.5_told_35000k_tyoung_30000k/summary.json	grid_runs/pold_0.2_pyoung_0.5_told_35000k_tyoung_30000k
0.2	0.5	35000	40000	5000	0.1644	0.0047	0.0091	0.8145	0.9905	0.8939	0.2282	0.0403	0.0685	0.8163	0.9663	0.885	0.7945043296149727	0.09774405986810418	0.10976406007171861	0.03336745285021756	grid_runs/pold_0.2_pyoung_0.5_told_40000k_tyoung_35000k/summary.json	grid_runs/pold_0.2_pyoung_0.5_told_40000k_tyoung_35000k
0.2	0.5	40000	45000	5000	0.5203	0.0022	0.0044	0.825	0.9944	0.9018	0.221	0.0426	0.0714	0.8268	0.9645	0.8903	0.7886846644385103	0.09662316194778803	0.11404463731282972	0.03548017403981034	grid_runs/pold_0.2_pyoung_0.5_told_45000k_tyoung_40000k/summary.json	grid_runs/pold_0.2_pyoung_0.5_told_45000k_tyoung_40000k
0.2	0.5	45000	50000	5000	0.981	0.0017	0.0034	0.835	0.9936	0.9074	0.1833	0.0448	0.072	0.8361	0.957	0.8925	0.7955194481670249	0.0949577143917719	0.130046886298185	0.03968006664729837	grid_runs/pold_0.2_pyoung_0.5_told_50000k_tyoung_45000k/summary.json	grid_runs/pold_0.2_pyoung_0.5_told_50000k_tyoung_45000k
0.2	0.5	50000	55000	5000	0.0	0.0	0.0	0.8258	0.9919	0.9013	0.2242	0.0573	0.0912	0.8289	0.9537	0.8869	0.7989789208142575	0.09652346420573467	0.14277610142468855	0.04450612013755359	grid_runs/pold_0.2_pyoung_0.5_told_55000k_tyoung_50000k/summary.json	grid_runs/pold_0.2_pyoung_0.5_told_55000k_tyoung_50000k
0.2	0.5	30000	40000	10000	0.1715	0.1482	0.159	0.8389	0.8624	0.8505	0.2489	0.0869	0.1288	0.8423	0.948	0.892	0.8056506919192146	0.0981299303691843	0.08517603747682993	0.03170958409571413	grid_runs/pold_0.2_pyoung_0.5_told_40000k_tyoung_30000k/summary.json	grid_runs/pold_0.2_pyoung_0.5_told_40000k_tyoung_30000k
0.2	0.5	35000	45000	10000	0.2157	0.0765	0.113	0.837	0.9427	0.8867	0.2632	0.0685	0.1087	0.8384	0.9588	0.8946	0.8025172942962947	0.09816049092474421	0.09651490883112547	0.03345426583055921	grid_runs/pold_0.2_pyoung_0.5_told_45000k_tyoung_35000k/summary.json	grid_runs/pold_0.2_pyoung_0.5_told_45000k_tyoung_35000k
0.2	0.5	40000	50000	10000	0.223	0.0471	0.0777	0.8495	0.9672	0.9045	0.2361	0.0645	0.1014	0.8512	0.9596	0.9021	0.7963293838206527	0.09741635235272496	0.10875787983278264	0.036007015807880925	grid_runs/pold_0.2_pyoung_0.5_told_50000k_tyoung_40000k/summary.json	grid_runs/pold_0.2_pyoung_0.5_told_50000k_tyoung_40000k
0.2	0.5	45000	55000	10000	0.2494	0.0318	0.0564	0.842	0.9769	0.9044	0.2722	0.079	0.1225	0.8461	0.9559	0.8977	0.7991356854598521	0.09764438603723928	0.12152740406252911	0.03910466903737602	grid_runs/pold_0.2_pyoung_0.5_told_55000k_tyoung_45000k/summary.json	grid_runs/pold_0.2_pyoung_0.5_told_55000k_tyoung_45000k
0.2	0.5	50000	60000	10000	0.2689	0.0245	0.0449	0.8182	0.9793	0.8915	0.3004	0.0705	0.1142	0.8224	0.9583	0.8852	0.7912831089039923	0.09609947426859039	0.14672100068811753	0.04542985195247707	grid_runs/pold_0.2_pyoung_0.5_told_60000k_tyoung_50000k/summary.json	grid_runs/pold_0.2_pyoung_0.5_told_60000k_tyoung_50000k
0.2	0.5	30000	45000	15000	0.2359	0.3436	0.2797	0.834	0.7511	0.7904	0.2808	0.1088	0.1569	0.8215	0.9352	0.8746	0.7982069978346172	0.09881843331045308	0.08586959268415181	0.03224180238208281	grid_runs/pold_0.2_pyoung_0.5_told_45000k_tyoung_30000k/summary.json	grid_runs/pold_0.2_pyoung_0.5_told_45000k_tyoung_30000k
0.2	0.5	35000	50000	15000	0.3031	0.2433	0.2699	0.8595	0.893	0.8759	0.3287	0.1607	0.2158	0.8526	0.9358	0.8923	0.8006634039278258	0.09785408421790799	0.08541373719851324	0.03231894709689183	grid_runs/pold_0.2_pyoung_0.5_told_50000k_tyoung_35000k/summary.json	grid_runs/pold_0.2_pyoung_0.5_told_50000k_tyoung_35000k
0.2	0.5	40000	55000	15000	0.3425	0.1847	0.24	0.8541	0.9294	0.8902	0.3728	0.104	0.1626	0.847	0.9621	0.9009	0.7946297337835441	0.10140619878318001	0.11265481335640565	0.03601103146040825	grid_runs/pold_0.2_pyoung_0.5_told_55000k_tyoung_40000k/summary.json	grid_runs/pold_0.2_pyoung_0.5_told_55000k_tyoung_40000k
0.2	0.5	45000	60000	15000	0.2766	0.1353	0.1817	0.8481	0.9297	0.8871	0.3313	0.1292	0.1859	0.8498	0.9463	0.8955	0.801033182762837	0.0957998433749241	0.11760151432467697	0.03964689764579103	grid_runs/pold_0.2_pyoung_0.5_told_60000k_tyoung_45000k/summary.json	grid_runs/pold_0.2_pyoung_0.5_told_60000k_tyoung_45000k
0.2	0.5	30000	50000	20000	0.2427	0.4719	0.3206	0.8693	0.7095	0.7813	0.3149	0.1647	0.2163	0.8459	0.9268	0.8845	0.801190987433602	0.098058271031157	0.08037481931721593	0.0320727093922192	grid_runs/pold_0.2_pyoung_0.5_told_50000k_tyoung_30000k/summary.json	grid_runs/pold_0.2_pyoung_0.5_told_50000k_tyoung_30000k
0.2	0.5	35000	55000	20000	0.2866	0.3519	0.3159	0.8741	0.84	0.8567	0.3784	0.1949	0.2573	0.8625	0.937	0.8982	0.8024816633357831	0.09819374698514469	0.09078895867719619	0.032701506474800815	grid_runs/pold_0.2_pyoung_0.5_told_55000k_tyoung_35000k/summary.json	grid_runs/pold_0.2_pyoung_0.5_told_55000k_tyoung_35000k
0.2	0.5	40000	60000	20000	0.3127	0.2692	0.2893	0.8643	0.8876	0.8758	0.3563	0.1217	0.1814	0.8511	0.9544	0.8998	0.7934057536529937	0.09778751983957022	0.11007349250051622	0.03578825633563208	grid_runs/pold_0.2_pyoung_0.5_told_60000k_tyoung_40000k/summary.json	grid_runs/pold_0.2_pyoung_0.5_told_60000k_tyoung_40000k
0.3	0.1	30000	35000	5000	0.746	0.9925	0.8518	0.0	0.0	0.0	0.7582	0.5209	0.6175	0.2584	0.5095	0.3429	0.8969528162158034	0.09551703394845326	0.0528238314204198	0.024743127136076015	grid_runs/pold_0.3_pyoung_0.1_told_35000k_tyoung_30000k/summary.json	grid_runs/pold_0.3_pyoung_0.1_told_35000k_tyoung_30000k
0.3	0.1	35000	40000	5000	0.6984	0.9913	0.8194	0.0	0.0	0.0	0.7072	0.5061	0.59	0.3024	0.512	0.3802	0.8974654748328027	0.09682294870052614	0.05765189853354748	0.027599608238780937	grid_runs/pold_0.3_pyoung_0.1_told_40000k_tyoung_35000k/summary.json	grid_runs/pold_0.3_pyoung_0.1_told_40000k_tyoung_35000k
0.3	0.1	40000	45000	5000	0.7051	0.9904	0.8237	0.0	0.0	0.0	0.7568	0.5052	0.606	0.3307	0.6092	0.4287	0.8849341588749471	0.09603609794414196	0.06599179164609137	0.02957366112199658	grid_runs/pold_0.3_pyoung_0.1_told_45000k_tyoung_40000k/summary.json	grid_runs/pold_0.3_pyoung_0.1_told_45000k_tyoung_40000k
0.3	0.1	45000	50000	5000	0.7043	0.9857	0.8215	0.0	0.0	0.0	0.7534	0.3724	0.4984	0.3112	0.7048	0.4318	0.901436587271735	0.09738542276186503	0.08054265540060422	0.035054198411460666	grid_runs/pold_0.3_pyoung_0.1_told_50000k_tyoung_45000k/summary.json	grid_runs/pold_0.3_pyoung_0.1_told_50000k_tyoung_45000k
0.3	0.1	50000	55000	5000	0.6973	0.9851	0.8166	0.0	0.0	0.0	0.727	0.487	0.5833	0.3173	0.5718	0.4081	0.9015095741510455	0.09646326352310347	0.08149909742042191	0.03629406969252678	grid_runs/pold_0.3_pyoung_0.1_told_55000k_tyoung_50000k/summary.json	grid_runs/pold_0.3_pyoung_0.1_told_55000k_tyoung_50000k
0.3	0.1	30000	40000	10000	0.7412	0.9866	0.8464	0.0163	0.0002	0.0004	0.7729	0.5738	0.6586	0.2891	0.5173	0.3709	0.9020681670381049	0.09613860441544023	0.05532563317885057	0.02630408210149449	grid_runs/pold_0.3_pyoung_0.1_told_40000k_tyoung_30000k/summary.json	grid_runs/pold_0.3_pyoung_0.1_told_40000k_tyoung_30000k
0.3	0.1	35000	45000	10000	0.7059	0.9884	0.8236	0.5083	0.005	0.01	0.7308	0.5547	0.6307	0.3146	0.5073	0.3883	0.8914216743633708	0.09662889378611647	0.06351604901622436	0.02840352564647489	grid_runs/pold_0.3_pyoung_0.1_told_45000k_tyoung_35000k/summary.json	grid_runs/pold_0.3_pyoung_0.1_told_45000k_tyoung_35000k
0.3	0.1	40000	50000	10000	0.6869	0.9874	0.8102	0.0	0.0	0.0	0.7645	0.5535	0.6421	0.381	0.6257	0.4736	0.9009594662058218	0.09589940725894013	0.07031059515391494	0.03090318443410585	grid_runs/pold_0.3_pyoung_0.1_told_50000k_tyoung_40000k/summary.json	grid_runs/pold_0.3_pyoung_0.1_told_50000k_tyoung_40000k
0.3	0.1	45000	55000	10000	0.7101	0.9835	0.8247	0.0	0.0	0.0	0.7657	0.5006	0.6054	0.3274	0.6214	0.4288	0.8979411577199858	0.09695161215454506	0.08227942468862885	0.035609525374758276	grid_runs/pold_0.3_pyoung_0.1_told_55000k_tyoung_45000k/summary.json	grid_runs/pold_0.3_pyoung_0.1_told_55000k_tyoung_45000k
0.3	0.1	50000	60000	10000	0.7304	0.9848	0.8387	0.9403	0.0033	0.0066	0.8071	0.4352	0.5655	0.3067	0.6905	0.4247	0.8890201814710359	0.09696409404646489	0.09471379354438403	0.039896607653446645	grid_runs/pold_0.3_pyoung_0.1_told_60000k_tyoung_50000k/summary.json	grid_runs/pold_0.3_pyoung_0.1_told_60000k_tyoung_50000k
0.3	0.1	30000	45000	15000	0.7465	0.9822	0.8483	0.5435	0.0275	0.0524	0.794	0.5817	0.6715	0.3113	0.5691	0.4024	0.9011066382392444	0.09653006498081088	0.06335547389403405	0.027955713456792822	grid_runs/pold_0.3_pyoung_0.1_told_45000k_tyoung_30000k/summary.json	grid_runs/pold_0.3_pyoung_0.1_told_45000k_tyoung_30000k
0.3	0.1	35000	50000	15000	0.7021	0.9829	0.8191	0.7824	0.0356	0.0681	0.7694	0.6108	0.681	0.388	0.5801	0.465	0.893662817543603	0.09685349688392517	0.06708845682438429	0.030547698292495925	grid_runs/pold_0.3_pyoung_0.1_told_50000k_tyoung_35000k/summary.json	grid_runs/pold_0.3_pyoung_0.1_told_50000k_tyoung_35000k
0.3	0.1	40000	55000	15000	0.7033	0.9831	0.82	0.837	0.0312	0.0601	0.7943	0.5936	0.6794	0.4009	0.647	0.4951	0.8867949104062143	0.09686700692052833	0.07611016057796564	0.0332557693849485	grid_runs/pold_0.3_pyoung_0.1_told_55000k_tyoung_40000k/summary.json	grid_runs/pold_0.3_pyoung_0.1_told_55000k_tyoung_40000k
0.3	0.1	45000	60000	15000	0.7067	0.982	0.8219	0.5647	0.0056	0.0111	0.8032	0.4499	0.5767	0.3437	0.708	0.4627	0.8971108725976263	0.09792258348276552	0.09233651932125506	0.03802236095230621	grid_runs/pold_0.3_pyoung_0.1_told_60000k_tyoung_45000k/summary.json	grid_runs/pold_0.3_pyoung_0.1_told_60000k_tyoung_45000k
0.3	0.1	30000	50000	20000	0.7328	0.9726	0.8359	0.64	0.0675	0.1221	0.8102	0.6331	0.7108	0.3862	0.6202	0.476	0.9158570502049769	0.09613339904667849	0.06658014706969406	0.0290624104172536	grid_runs/pold_0.3_pyoung_0.1_told_50000k_tyoung_30000k/summary.json	grid_runs/pold_0.3_pyoung_0.1_told_50000k_tyoung_30000k
0.3	0.1	35000	55000	20000	0.6993	0.9756	0.8147	0.7671	0.0661	0.1216	0.8021	0.4892	0.6077	0.3873	0.7359	0.5075	0.9008530308271154	0.09631801659339324	0.07965818164112277	0.03310343873059514	grid_runs/pold_0.3_pyoung_0.1_told_55000k_tyoung_35000k/summary.json	grid_runs/pold_0.3_pyoung_0.1_told_55000k_tyoung_35000k
0.3	0.1	40000	60000	20000	0.701	0.9737	0.8151	0.7615	0.0721	0.1317	0.828	0.5276	0.6445	0.4131	0.7617	0.5357	0.8933969581094274	0.09734929234097264	0.08664813584667326	0.035348670690854116	grid_runs/pold_0.3_pyoung_0.1_told_60000k_tyoung_40000k/summary.json	grid_runs/pold_0.3_pyoung_0.1_told_60000k_tyoung_40000k
0.3	0.2	30000	35000	5000	0.535	0.976	0.6912	0.525	0.022	0.0423	0.5561	0.3069	0.3955	0.4668	0.7149	0.5648	0.8858385776146248	0.09621651380386556	0.059099364107317066	0.027457515544877187	grid_runs/pold_0.3_pyoung_0.2_told_35000k_tyoung_30000k/summary.json	grid_runs/pold_0.3_pyoung_0.2_told_35000k_tyoung_30000k
0.3	0.2	35000	40000	5000	0.5318	0.9615	0.6848	0.5297	0.0401	0.0746	0.5607	0.2725	0.3668	0.4721	0.7545	0.5808	0.8694087004222021	0.09712076842759576	0.0641340156088364	0.02938926011328561	grid_runs/pold_0.3_pyoung_0.2_told_40000k_tyoung_35000k/summary.json	grid_runs/pold_0.3_pyoung_0.2_told_40000k_tyoung_35000k
0.3	0.2	40000	45000	5000	0.5189	0.9552	0.6725	0.6852	0.0796	0.1427	0.5694	0.2666	0.3632	0.5023	0.7869	0.6132	0.866044142990323	0.09612434394711872	0.074522713445864	0.03063271698947179	grid_runs/pold_0.3_pyoung_0.2_told_45000k_tyoung_40000k/summary.json	grid_runs/pold_0.3_pyoung_0.2_told_45000k_tyoung_40000k
0.3	0.2	45000	50000	5000	0.5453	0.9758	0.6997	0.7162	0.0371	0.0705	0.5993	0.2509	0.3537	0.4676	0.7961	0.5891	0.8742951713652568	0.0963350490095461	0.082703589662327	0.03505625002102604	grid_runs/pold_0.3_pyoung_0.2_told_50000k_tyoung_45000k/summary.json	grid_runs/pold_0.3_pyoung_0.2_told_50000k_tyoung_45000k
0.3	0.2	50000	55000	5000	0.5422	0.9624	0.6936	0.506	0.0316	0.0596	0.6338	0.1821	0.283	0.4653	0.8644	0.6049	0.8626580651054124	0.09800280611807605	0.10826973810433552	0.04197285280061973	grid_runs/pold_0.3_pyoung_0.2_told_55000k_tyoung_50000k/summary.json	grid_runs/pold_0.3_pyoung_0.2_told_55000k_tyoung_50000k
0.3	0.2	30000	40000	10000	0.5541	0.9366	0.6963	0.5786	0.092	0.1588	0.601	0.3608	0.4509	0.4744	0.7101	0.5688	0.8756821377196347	0.09560873893304139	0.06038742648737113	0.027269619020038802	grid_runs/pold_0.3_pyoung_0.2_told_40000k_tyoung_30000k/summary.json	grid_runs/pold_0.3_pyoung_0.2_told_40000k_tyoung_30000k
0.3	0.2	35000	45000	10000	0.538	0.9052	0.6749	0.5679	0.1275	0.2082	0.6241	0.303	0.4079	0.4981	0.7935	0.612	0.86979088392701	0.0971789911833594	0.07168444197107582	0.03053588268028588	grid_runs/pold_0.3_pyoung_0.2_told_45000k_tyoung_35000k/summary.json	grid_runs/pold_0.3_pyoung_0.2_told_45000k_tyoung_35000k
